#file	origin	adjustment	why
sge/graphics/AngleGL32.scala	sge/src/main/scalajvm/sge/graphics/AngleGL32.scala	+import sge.graphics.GL32.DebugProc	java nests DebugProc in the interface -> the port emits it in the companion; sge nests it in the trait
sge/platform/package.scala	sge-jvm-platform/api/src/main/scala/sge/platform/package.scala	copied verbatim	the PanamaProvider alias sge's core JVM row takes from its platform-api module
sge/platform/ConcurrencyOpsDesktop.scala	sge/src/main/scaladesktop/sge/platform/ConcurrencyOpsDesktop.scala	copied verbatim	PlatformOps.concurrency; sge keeps it in the desktop dir
sge/utils/Log.scala	sge/src/main/scala/sge/utils/Log.scala	copied verbatim	GlOpsJvm and WindowingOpsJvm log EGL/GLFW failures through it
sge/utils/LogPlatform.scala	sge/src/main/scalajvm/sge/utils/LogPlatform.scala	copied verbatim	scribe is on the port's JVM row (logging step)
(omitted)	sge/src/main/scalajvm/sge/{DesktopApplicationFactory,audio/DesktopAudioRecorder,net/HttpBackendFactoryImpl}.scala	not copied in step 1	desktop layer (step 3); SgeError and sttp dependencies
sge/platform/WindowingOpsJvm.scala	sge/src/main/scalajvm/sge/platform/WindowingOpsJvm.scala	setErrorCallback: both MethodHandle.invoke results ascribed `: Unit`	under fold[B] the port inferred B = Nothing for the signature-polymorphic invoke (ClassCastException at the first frame of pong); one site in 5,000 lines of Panama code
sge/platform/android/*.scala (31), sge/platform/*.scala (api)	sge-jvm-platform/api/src/main/scala	copied verbatim	the Android ops interfaces sge core compiles against on its JVM row; the SDK-bound implementations stay in sge's android module
sge/Android*.scala, sge/SgeAndroidDriver.scala, sge/files/AndroidFileHandle.scala, sge/graphics/AndroidGL*Adapter.scala, sge/net/Android*.scala, sge/platform/*Android*.scala	sge/src/main/scalajvm	copied; AndroidGraphics: `GLVersion` is the top-level class type, `new Graphics.Monitor/DisplayMode` (plain classes); AndroidFileHandle: `FileHandle(file, type)` with `externalStoragePath` assigned wrapped at the head of the body (the port's captured value), AndroidFiles verbatim; AndroidApplication extends JavaLoggingApplication (frame hooks + logging), AndroidInput: `maxLength` is java's `Int` (-1 = none) where sge has `Option[Int]`; AndroidLiveWallpaper: the same files thunk; `Preferences.put/get` over `mutable.Map[String, ?]`, `Audio.close()` (AutoCloseable)	sge's Android adapters over the ops interfaces (JVM row); the reconciliations are the same the desktop copies took
